Workbook

Sheet Transaction Working
A1: Product _Code | B1: Country_Code | C1: Qty | D1: Product_Name | E1: Amount
D2: =VLOOKUP(A2,'Reference Data'!$A$7:$B$11,2,FALSE) -> #N/A | E2: =C2*VLOOKUP(A2,'Reference Data'!$A$7:$C$11,3,FALSE) -> #N/A
D3: =VLOOKUP(A3,'Reference Data'!$A$7:$B$11,2,FALSE) -> #N/A | E3: =C3*VLOOKUP(A3,'Reference Data'!$A$7:$C$11,3,FALSE) -> #N/A
D4: =VLOOKUP(A4,'Reference Data'!$A$7:$B$11,2,FALSE) -> #N/A | E4: =C4*VLOOKUP(A4,'Reference Data'!$A$7:$C$11,3,FALSE) -> #N/A
D5: =VLOOKUP(A5,'Reference Data'!$A$7:$B$11,2,FALSE) -> #N/A | E5: =C5*VLOOKUP(A5,'Reference Data'!$A$7:$C$11,3,FALSE) -> #N/A

Sheet FX_Conversion Rate
A1: Date | B1: USD | C1: GBP

Sheet Pivot
C2: Details for Country: | D2: =E5 -> #N/A
A4: Country_Code | B4: Product_Name | C4: Sum of Qty | D4: Sum of Amount ($) | E4: Country_Name | F4: Tax_in_GBP | G4: Amount_including_tax_GBP
A5: ='Transaction Working'!B2 -> 0 | B5: ='Transaction Working'!A2 -> 0 | C5: ='Transaction Working'!C2 -> 0 | D5: ='Transaction Working'!E2 -> #N/A | E5: =VLOOKUP(A5,'Reference Data'!$A$1:$C$5,2,FALSE) -> #N/A | F5: =VLOOKUP(A5,'Reference Data'!$A$1:$C$5,3,FALSE) -> #N/A | G5: =D5*(1+F5) -> #N/A
A6: ='Transaction Working'!B3 -> 0 | B6: ='Transaction Working'!A3 -> 0 | C6: ='Transaction Working'!C3 -> 0 | D6: ='Transaction Working'!E3 -> #N/A | E6: =VLOOKUP(A6,'Reference Data'!$A$1:$C$5,2,FALSE) -> #N/A | F6: =VLOOKUP(A6,'Reference Data'!$A$1:$C$5,3,FALSE) -> #N/A | G6: =D6*(1+F6) -> #N/A
A7: ='Transaction Working'!B4 -> 0 | B7: ='Transaction Working'!A4 -> 0 | C7: ='Transaction Working'!C4 -> 0 | D7: ='Transaction Working'!E4 -> #N/A | E7: =VLOOKUP(A7,'Reference Data'!$A$1:$C$5,2,FALSE) -> #N/A | F7: =VLOOKUP(A7,'Reference Data'!$A$1:$C$5,3,FALSE) -> #N/A | G7: =D7*(1+F7) -> #N/A
A8: ='Transaction Working'!B5 -> 0 | B8: ='Transaction Working'!A5 -> 0 | C8: ='Transaction Working'!C5 -> 0 | D8: ='Transaction Working'!E5 -> #N/A | E8: =VLOOKUP(A8,'Reference Data'!$A$1:$C$5,2,FALSE) -> #N/A | F8: =VLOOKUP(A8,'Reference Data'!$A$1:$C$5,3,FALSE) -> #N/A | G8: =D8*(1+F8) -> #N/A
A9: ='Transaction Working'!B6 -> 0 | B9: ='Transaction Working'!A6 -> 0 | C9: ='Transaction Working'!C6 -> 0 | D9: ='Transaction Working'!E6 -> 0 | E9: =VLOOKUP(A9,'Reference Data'!$A$1:$C$5,2,FALSE) -> #N/A | F9: =VLOOKUP(A9,'Reference Data'!$A$1:$C$5,3,FALSE) -> #N/A | G9: =D9*(1+F9) -> #N/A
A10: ='Transaction Working'!B7 -> 0 | B10: ='Transaction Working'!A7 -> 0 | C10: ='Transaction Working'!C7 -> 0 | D10: ='Transaction Working'!E7 -> 0 | E10: =VLOOKUP(A10,'Reference Data'!$A$1:$C$5,2,FALSE) -> #N/A | F10: =VLOOKUP(A10,'Reference Data'!$A$1:$C$5,3,FALSE) -> #N/A | G10: =D10*(1+F10) -> #N/A
A11: ='Transaction Working'!B8 -> 0 | B11: ='Transaction Working'!A8 -> 0 | C11: ='Transaction Working'!C8 -> 0 | D11: ='Transaction Working'!E8 -> 0 | E11: =VLOOKUP(A11,'Reference Data'!$A$1:$C$5,2,FALSE) -> #N/A | F11: =VLOOKUP(A11,'Reference Data'!$A$1:$C$5,3,FALSE) -> #N/A | G11: =D11*(1+F11) -> #N/A
A12: ='Transaction Working'!B9 -> 0 | B12: ='Transaction Working'!A9 -> 0 | C12: ='Transaction Working'!C9 -> 0 | D12: ='Transaction Working'!E9 -> 0 | E12: =VLOOKUP(A12,'Reference Data'!$A$1:$C$5,2,FALSE) -> #N/A | F12: =VLOOKUP(A12,'Reference Data'!$A$1:$C$5,3,FALSE) -> #N/A | G12: =D12*(1+F12) -> #N/A
A13: ='Transaction Working'!B10 -> 0 | B13: ='Transaction Working'!A10 -> 0 | C13: ='Transaction Working'!C10 -> 0 | D13: ='Transaction Working'!E10 -> 0 | E13: =VLOOKUP(A13,'Reference Data'!$A$1:$C$5,2,FALSE) -> #N/A | F13: =VLOOKUP(A13,'Reference Data'!$A$1:$C$5,3,FALSE) -> #N/A | G13: =D13*(1+F13) -> #N/A
A14: ='Transaction Working'!B11 -> 0 | B14: ='Transaction Working'!A11 -> 0 | C14: ='Transaction Working'!C11 -> 0 | D14: ='Transaction Working'!E11 -> 0 | E14: =VLOOKUP(A14,'Reference Data'!$A$1:$C$5,2,FALSE) -> #N/A | F14: =VLOOKUP(A14,'Reference Data'!$A$1:$C$5,3,FALSE) -> #N/A | G14: =D14*(1+F14) -> #N/A
A15: ='Transaction Working'!B12 -> 0 | B15: ='Transaction Working'!A12 -> 0 | C15: ='Transaction Working'!C12 -> 0 | D15: ='Transaction Working'!E12 -> 0 | E15: =VLOOKUP(A15,'Reference Data'!$A$1:$C$5,2,FALSE) -> #N/A | F15: =VLOOKUP(A15,'Reference Data'!$A$1:$C$5,3,FALSE) -> #N/A | G15: =D15*(1+F15) -> #N/A
A16: ='Transaction Working'!B13 -> 0 | B16: ='Transaction Working'!A13 -> 0 | C16: ='Transaction Working'!C13 -> 0 | D16: ='Transaction Working'!E13 -> 0 | E16: =VLOOKUP(A16,'Reference Data'!$A$1:$C$5,2,FALSE) -> #N/A | F16: =VLOOKUP(A16,'Reference Data'!$A$1:$C$5,3,FALSE) -> #N/A | G16: =D16*(1+F16) -> #N/A
... A21: ='Transaction Working'!B18 -> 0 | B21: ='Transaction Working'!A18 -> 0 | C21: ='Transaction Working'!C18 -> 0 | D21: ='Transaction Working'!E18 -> 0 | E21: =VLOOKUP(A21,'Reference Data'!$A$1:$C$5,2,FALSE) -> #N/A | F21: =VLOOKUP(A21,'Reference Data'!$A$1:$C$5,3,FALSE) -> #N/A | G21: =D21*(1+F21) -> #N/A

Sheet Reference Data
A1: Country_Code | B1: Country_Name | C1: Tax Rate
A7: Product_Code | B7: Product_Description | C7: Rate_USD

Sheet Output file
A1: Country_Name | B1: Product_Description | C1: Quantity | D1: Amount_including_tax_GBP
A2: =Pivot!E5 -> #N/A | B2: =Pivot!B5 -> 0 | C2: =Pivot!C5 -> 0 | D2: =Pivot!G5 -> #N/A
A3: =Pivot!E6 -> #N/A | B3: =Pivot!B6 -> 0 | C3: =Pivot!C6 -> 0 | D3: =Pivot!G6 -> #N/A
A4: =Pivot!E7 -> #N/A | B4: =Pivot!B7 -> 0 | C4: =Pivot!C7 -> 0 | D4: =Pivot!G7 -> #N/A
A5: =Pivot!E8 -> #N/A | B5: =Pivot!B8 -> 0 | C5: =Pivot!C8 -> 0 | D5: =Pivot!G8 -> #N/A
